ICAO24,Callsign
a247b8,EJA246  
a58267,EJA454  
a52bfb,EJA432  
a8a82a,EJA657  
aa3ce7,EJA759  
a3a61a,EJA334  
aa2a54,EJA754  
a76d90,EJA578  
a8dd27,EJA670  
a6f35c,EJA547  
a88e29,EJA650  
a26b80,EJA255  
a3571c,EJA314  
a65cce,EJA509  
a46070,EJA381  
aa4e1c,EJA763  
a9c66a,EJA729  
a4c45a,EJA406  
a03c7e,EJA114  
a1bea8,EJA211  
accabe,EJA923  
ab39b8,EJA822  
acaaad,EJA915  
ab19a7,EJA814  
a87cf4,EJA646  
a7f02d,EJA610  
a02da2,EJA110  
a452f2,EJA378  
a51e7d,EJA429  
a71724,EJA556  
a320c1,EJA300  
a3a9d1,EJA335  
a1f503,EJA225  
a75eb4,EJA574  
ab9024,EJA844  
a96890,EJA705  
a4a1f0,EJA398  
a691cb,EJA522  
a86a61,EJA641  
a9f7b0,EJA741  
ab7b38,EJA839  
a2404a,EJA244  
aacfbe,EJA796  
aa6e2d,EJA771  
a02792,EJA109  
a75746,EJA572  
a3b13f,EJA337  
a8fadf,EJA678  
a1a9bc,EJA206  
ab59c9,EJA830  
a4f6fe,EJA419  
ac7809,EJA902  
a81f1a,EJA622  
a32f9d,EJA304  
a92c25,EJA690  
aabd2b,EJA791  
a93eb8,EJA695  
a3772d,EJA322  
ab1239,EJA812  
a59143,EJA458  
aca6f6,EJA914  
a78da1,EJA586  
a53ad7,EJA436  
a496cb,EJA395  
a7a9fb,EJA593  
a8ec03,EJA674  
a7cc65,EJA601  
a6abcc,EJA529  
aa068c,EJA745  
a85575,EJA636  
a7def8,EJA606  
a3a263,EJA333  
aa4a65,EJA762  
a3c62b,EJA342  
a851be,EJA635  
a74611,EJA568  
a7337e,EJA563  
a24401,EJA245  
a545fc,EJA439  
a03159,EJA111  
a57af9,EJA452  
a8f728,EJA677  
a91739,EJA685  
a21c82,EJA235  
a7b169,EJA595  
a5a9e6,EJA464  
a89597,EJA652  
a70bff,EJA553  
a7d3d3,EJA603  
a4cf7f,EJA409  
a6b593,EJA531  
ab0e82,EJA811  
a82a3f,EJA625  
a95d6b,EJA702  
ab88b6,EJA842  
a58d8c,EJA457  
a78633,EJA584  
a96ffe,EJA707  
a403f4,EJA358  
a9f3f9,EJA740  
a57eb0,EJA453  
a6a815,EJA528  
aa3579,EJA757  
a047a3,EJA117  
aa7d09,EJA775  
a80a2e,EJA617  
acd99a,EJA927  
a8994e,EJA653  
a8609a,EJA639  
a7538f,EJA571  
ab9b49,EJA847  
a94d94,EJA699  
a69cf0,EJA525  
a93b01,EJA694  
a272ee,EJA257  
a44b84,EJA376  
a82df6,EJA626  
ac7452,EJA901  
a79158,EJA587  
aa759b,EJA773  
a4ef90,EJA417  
a6c0b8,EJA534  
a74fd8,EJA570  
a0c1d7,EJA148  
a25ca4,EJA251  
a8391b,EJA629  
a06046,EJA123  
a82688,EJA624  
a6d34b,EJA539  
aac499,EJA793  
aad72c,EJA798  
ab8148,EJA840  
acae64,EJA916  
a3370b,EJA306  
a57742,EJA451  
a3ad88,EJA336  
ab1d5e,EJA815  
a35e8a,EJA316  
a22b5e,EJA239  
ab6137,EJA832  
ab0acb,EJA810  
aa6466,EJA769  
a59b0a,EJA460  
a9bb45,EJA726  
a063fd,EJA124  
a949dd,EJA698  
a3bebd,EJA340  
a73ea3,EJA566  
a8af98,EJA659  
a1c25f,EJA212  
